{
    "state": {
        "isStdOutTTY": false,
        "isStdErrTTY": false,
        "testRunDurationMs": 600064.258264
    },
    "metrics": {
        "http_req_receiving": {
            "type": "trend",
            "contains": "time",
            "values": {
                "min": 0.00978,
                "avg": 0.265024028660954,
                "med": 0.0461,
                "max": 218.56028,
                "p(95)": 0.820684,
                "p(99)": 4.407168
            }
        },
        "http_req_connecting": {
            "type": "trend",
            "contains": "time",
            "values": {
                "avg": 0.017187493347259185,
                "med": 0,
                "max": 86.62417,
                "p(95)": 0,
                "p(99)": 0,
                "min": 0
            }
        },
        "data_sent": {
            "type": "counter",
            "contains": "data",
            "values": {
                "count": 9925537,
                "rate": 16540.790195894704
            }
        },
        "http_req_duration{test_name:getMegatronFinancials}": {
            "contains": "time",
            "values": {
                "avg": 118.2516188566505,
                "med": 62.103839,
                "max": 3416.50131,
                "p(95)": 530.196383,
                "p(99)": 822.737112,
                "min": 37.956764
            },
            "thresholds": {
                "p(95)<800": {
                    "ok": true
                },
                "p(99)<1500": {
                    "ok": true
                }
            },
            "type": "trend"
        },
        "K6_Metrics_getMegatronFinancials_duration": {
            "type": "trend",
            "contains": "time",
            "values": {
                "avg": 118.2516188566505,
                "med": 62.103839,
                "max": 3416.50131,
                "p(95)": 530.196383,
                "p(99)": 822.737112,
                "min": 37.956764
            }
        },
        "iteration_duration": {
            "contains": "time",
            "values": {
                "med": 62.382294,
                "max": 3416.809435,
                "p(95)": 530.464911,
                "p(99)": 822.929605,
                "min": 38.214969,
                "avg": 118.54230567531947
            },
            "type": "trend"
        },
        "http_req_waiting": {
            "type": "trend",
            "contains": "time",
            "values": {
                "min": 37.829962,
                "avg": 117.89574616768037,
                "med": 61.896393,
                "max": 3416.359777,
                "p(95)": 528.986774,
                "p(99)": 820.835902
            }
        },
        "iterations": {
            "type": "counter",
            "contains": "default",
            "values": {
                "count": 180001,
                "rate": 299.9695407967592
            }
        },
        "vus": {
            "values": {
                "value": 21,
                "min": 15,
                "max": 401
            },
            "type": "gauge",
            "contains": "default"
        },
        "http_req_duration": {
            "type": "trend",
            "contains": "time",
            "values": {
                "min": 37.956764,
                "avg": 118.2516188566505,
                "med": 62.103839,
                "max": 3416.50131,
                "p(95)": 530.196383,
                "p(99)": 822.737112
            }
        },
        "http_req_failed{test_name:getMegatronFinancials}": {
            "type": "rate",
            "contains": "default",
            "values": {
                "rate": 0,
                "passes": 0,
                "fails": 180001
            },
            "thresholds": {
                "rate<0.001": {
                    "ok": true
                }
            }
        },
        "http_req_tls_handshaking": {
            "contains": "time",
            "values": {
                "med": 0,
                "max": 27.096186,
                "p(95)": 0,
                "p(99)": 0,
                "min": 0,
                "avg": 0.022132661646324193
            },
            "type": "trend"
        },
        "data_received": {
            "type": "counter",
            "contains": "data",
            "values": {
                "count": 82611585,
                "rate": 137671.23080950906
            }
        },
        "http_req_sending": {
            "type": "trend",
            "contains": "time",
            "values": {
                "min": 0.03888,
                "avg": 0.09084866030744333,
                "med": 0.080221,
                "max": 0.854955,
                "p(95)": 0.148983,
                "p(99)": 0.178223
            }
        },
        "K6_Metrics_getMegatronFinancials_counter": {
            "type": "counter",
            "contains": "default",
            "values": {
                "count": 180001,
                "rate": 299.9695407967592
            }
        },
        "http_reqs": {
            "type": "counter",
            "contains": "default",
            "values": {
                "count": 180001,
                "rate": 299.9695407967592
            }
        },
        "http_req_blocked": {
            "type": "trend",
            "contains": "time",
            "values": {
                "p(95)": 0.00073,
                "p(99)": 0.00096,
                "min": 0.0002,
                "avg": 0.04066130063718463,
                "med": 0.00045,
                "max": 97.686075
            }
        },
        "http_req_failed": {
            "type": "rate",
            "contains": "default",
            "values": {
                "rate": 0,
                "passes": 0,
                "fails": 180001
            }
        },
        "checks": {
            "contains": "default",
            "values": {
                "rate": 1,
                "passes": 180001,
                "fails": 0
            },
            "type": "rate"
        },
        "vus_max": {
            "type": "gauge",
            "contains": "default",
            "values": {
                "max": 500,
                "value": 500,
                "min": 500
            }
        },
        "http_req_duration{expected_response:true}": {
            "type": "trend",
            "contains": "time",
            "values": {
                "min": 37.956764,
                "avg": 118.2516188566505,
                "med": 62.103839,
                "max": 3416.50131,
                "p(95)": 530.196383,
                "p(99)": 822.737112
            }
        }
    },
    "execScenarios": {
        "getMegatronFinancials": {
            "exec": "getMegatronFinancials",
            "tags": {
                "env_name": "staging",
                "test_name": "getMegatronFinancials"
            },
            "maxVUs": 1000,
            "gracefulStop": null,
            "env": null,
            "rate": 300,
            "timeUnit": "1s",
            "duration": "10m0s",
            "preAllocatedVUs": 500,
            "executor": "constant-arrival-rate",
            "startTime": null
        }
    },
    "execThresholds": {
        "http_req_duration{test_name:getMegatronFinancials}": [
            "p(95)<800",
            "p(99)<1500"
        ],
        "http_req_failed{test_name:getMegatronFinancials}": [
            "rate<0.001"
        ]
    },
    "root_group": {
        "checks": [
            {
                "name": "is status 200, received 200",
                "path": "::is status 200, received 200",
                "id": "6f5bfaa950f48155a77aa11c2e50bf2a",
                "passes": 180001,
                "fails": 0
            }
        ],
        "name": "",
        "path": "",
        "id": "d41d8cd98f00b204e9800998ecf8427e",
        "groups": []
    },